IUCN_CAT_desc,original_area_km2,buffered_area_km2,buffer_applied_m,delta_km2,percent_increase
National Park,152315.1878,195941.1247,1000.0,43625.9369,28.6419
Wilderness Area,43898.3473,52348.1738,1000.0,8449.8265,19.2486
OECM areas,38144.708,90018.5472,500.0,51873.8392,135.9922
Protected Area with Sustainable Use of Natural Resources,11917.2931,12370.7186,500.0,453.4255,3.8048
Habitat/Species Management Area,3735.7274,7029.7445,500.0,3294.0171,88.1761
Protected Landscape/Seascape,3487.6045,4077.3251,500.0,589.7206,16.909
Strict  Nature Reserve,1586.9066,1586.9273,,0.0207,0.0013
Natural Monument or Feature,1441.2008,2390.9541,500.0,949.7533,65.9001
Interim Sites (unknown specifics),206.4001,844.7247,500.0,638.3245,309.2655
