cluster_id,lcoe,capex,fom,vom,CF_mean,Cluster_No,potential_capacity,Region,nearest_station,nearest_station_distance_km,Rank,Operational_life,resource_type
Nord-du-Québec_1,999999.0,1.56455696742041,0.0,0.0404,0.46334266137935937,1,1615.48005467508,Nord-du-Québec,QC_LF1_GSS,38.94847713205223,1,20,wind
Nord-du-Québec_2,999999.0,1.56455696742041,0.0,0.0404,0.4661536056125255,2,0.0,Nord-du-Québec,QC_LF2_GSS,187.54727145774496,2,20,wind
LesÎles-de-la-Madeleine_1,999999.0,1.56455696742041,0.0,0.0404,0.6342241743960045,1,0.0,LesÎles-de-la-Madeleine,QC_NTS_DSS,309.8141571351042,3,20,wind
Avignon_1,999999.0,1.56455696742041,0.0,0.0404,0.2597849095138104,1,75.28918998716065,Avignon,QC_CLT_GSS,18.478507226037355,4,20,wind
Minganie--Basse-Côte-Nord_1,999999.0,1.56455696742041,0.0,0.0404,0.4140956007567466,1,92.19668682779773,Minganie--Basse-Côte-Nord,QC_RM3_GSS,74.25168834650617,5,20,wind
Sept-Rivières--Caniapiscau_1,999999.0,1.56455696742041,0.0,0.0404,0.44062254336109635,1,228.50551917894362,Sept-Rivières--Caniapiscau,QC_NRM_DSS,115.00111340021539,6,20,wind
Sept-Rivières--Caniapiscau_2,1694020.1293708326,1.56455696742041,0.0,0.0404,0.42794441126704025,2,4039.1936877113335,Sept-Rivières--Caniapiscau,QC_BSY_GSS,123.53907893329674,7,20,wind
LaHaute-Gaspésie_1,1721379.62710367,1.56455696742041,0.0,0.0404,0.36776063401870696,1,341.0797631309272,LaHaute-Gaspésie,QC_RVS_DSS,28.289025893622572,8,20,wind
Papineau_1,1877034.2435828159,1.56455696742041,0.0,0.0404,0.33461480877057137,1,263.1063085154056,Papineau,QC_PAP_DSS,5.634766278417814,9,20,wind
Communauté-Urbaine-de-l'Outaouai_1,1877037.8264990207,1.56455696742041,0.0,0.0404,0.2951693585433882,1,46.4602252914721,Communauté-Urbaine-de-l'Outaouai,QC_BUC_DSS,4.975758898276339,10,20,wind
LesCollines-de-l'Outaouais_1,1877038.7052167295,1.56455696742041,0.0,0.0404,0.3087669295636027,1,131.89479753547812,LesCollines-de-l'Outaouais,QC_WKF_DSS,13.9034503878642,11,20,wind
Minganie--Basse-Côte-Nord_2,2225351.445019914,1.56455696742041,0.0,0.0404,0.39306257889637336,2,4289.398207514799,Minganie--Basse-Côte-Nord,QC_NTS_DSS,182.11841987235434,12,20,wind
Témiscouata_1,2285863.033580113,1.56455696742041,0.0,0.0404,0.28383944787881144,1,1310.131290864981,Témiscouata,QC_SLY_DSS,36.45695641387499,13,20,wind
LaCôte-de-Gaspé_1,2508450.355662362,1.56455696742041,0.0,0.0404,0.38046920065171336,1,318.98559002972837,LaCôte-de-Gaspé,QC_RVD_DSS,12.33564832093031,14,20,wind
Kamouraska_1,2544768.658999068,1.56455696742041,0.0,0.0404,0.4293337113977363,1,279.04798458271557,Kamouraska,QC_SAL_DSS,8.595381747961031,15,20,wind
Lac-Saint-Jean-Est_1,2715422.8408745225,1.5645569674204098,0.0,0.0404,0.4052464317847315,1,1400.5785599624069,Lac-Saint-Jean-Est,QC_CDD_GSS,9.020306242508894,16,20,wind
Rimouski-Neigette_1,2768111.354625058,1.56455696742041,0.0,0.0404,0.44012151777551434,1,469.7200135448933,Rimouski-Neigette,QC_RIM_TSS,37.84764344896208,17,20,wind
Communauté-Urbaine-de-l'Outaouai_2,3479846.4298765003,1.56455696742041,0.0,0.0404,0.30363868041854497,2,86.13373708321008,Communauté-Urbaine-de-l'Outaouai,QC_TMP_DSS,9.164954820997645,18,20,wind
Pontiac_1,3760058.0512387697,1.56455696742041,0.0,0.0404,0.31623780484816494,1,3297.401108555922,Pontiac,QC_WYM_DSS,18.10902402162946,19,20,wind
LaMitis_1,3856031.318385806,1.5645569674204098,0.0,0.0404,0.42275804282611096,1,565.1655981522766,LaMitis,QC_MTJ_DSS,7.293304380862993,20,20,wind
Matane_1,3856032.764112397,1.56455696742041,0.0,0.0404,0.4263399075811418,1,624.6688639493925,Matane,QC_LN2_GSS,22.882183965568966,21,20,wind
Manicouagan_1,3932692.635867362,1.56455696742041,0.0,0.0404,0.3611844887308861,1,3657.195662770653,Manicouagan,QC_HTJ_GSS,51.29358889550666,22,20,wind
LaHaute-Côte-Nord_1,3932697.746999738,1.56455696742041,0.0,0.0404,0.41218362362958005,1,1215.2293292840404,LaHaute-Côte-Nord,QC_BSQ_DSS,10.553809756804055,23,20,wind
Témiscamingue_1,3946695.2122715446,1.56455696742041,0.0,0.0404,0.3237169723281575,1,2074.2447442128837,Témiscamingue,QC_LRV_DSS,33.78012269264724,24,20,wind
LeHaut-Saint-Laurent_1,4149741.9989896356,1.56455696742041,0.0,0.0404,0.3818754897120535,1,272.2876795368718,LeHaut-Saint-Laurent,QC_SPL_DSS,50.29015706007561,25,20,wind
Bonaventure_1,5170654.309728338,1.56455696742041,0.0,0.0404,0.2960156046019582,1,383.87492971902554,Bonaventure,QC_NRD_GSS,10.635197568034403,26,20,wind
LeRocher-Percé_1,5689373.415036125,1.56455696742041,0.0,0.0404,0.321657016050247,1,530.8850170465291,LeRocher-Percé,QC_GSA_ISS,8.072046488604505,27,20,wind
Rivière-du-Loup_1,5857751.086060171,1.56455696742041,0.0,0.0404,0.41897635870788924,1,622.4222926142581,Rivière-du-Loup,QC_SAL_DSS,6.380359947543778,28,20,wind
Charlevoix-Est_1,5857753.887763811,1.56455696742041,0.0,0.0404,0.457455634482117,1,313.6975297413577,Charlevoix-Est,QC_SAL_DSS,35.26856168278609,29,20,wind
Vaudreuil-Soulanges_1,6165720.625987186,1.56455696742041,0.0,0.0404,0.39686342389361084,1,152.61603756676345,Vaudreuil-Soulanges,QC_SPL_DSS,13.330600442123671,30,20,wind
LesLaurentides_1,6478369.099579726,1.56455696742041,0.0,0.0404,0.3348439558202336,1,531.7634279205951,LesLaurentides,QC_SDN_DSS,20.084587273809817,31,20,wind
Brome-Missisquoi_1,6509923.255417426,1.56455696742041,0.0,0.0404,0.374545359873519,1,263.5966136009265,Brome-Missisquoi,QC_BED_DSS,8.16542389355569,32,20,wind
Abitibi-Ouest_1,6745760.985691989,1.56455696742041,0.0,0.0404,0.39633679373894887,1,543.9681989993031,Abitibi-Ouest,QC_PML_DSS,27.12183978620854,33,20,wind
LeHaut-Richelieu_1,8054595.384289003,1.56455696742041,0.0,0.0404,0.408399139453389,1,301.83130925196156,LeHaut-Richelieu,QC_SSB_DSS,4.983343972123613,34,20,wind
LeGranit_1,8751523.895054324,1.56455696742041,0.0,0.0404,0.3694121771597529,1,771.1081302150474,LeGranit,QC_MEG_DSS,30.799864584653264,35,20,wind
Montmagny_1,8944473.021192428,1.56455696742041,0.0,0.0404,0.3138422154162073,1,773.4961042489931,Montmagny,QC_MNM_DSS,18.250543467346365,36,20,wind
LaCôte-de-Beaupré_1,8944473.933548639,1.56455696742041,0.0,0.0404,0.34781344327340624,1,1702.497193408553,LaCôte-de-Beaupré,QC_LEF_DSS,39.318411553751666,37,20,wind
L'Islet_1,8944474.751643548,1.56455696742041,0.0,0.0404,0.33066754441945906,1,586.0324185103678,L'Islet,QC_DAQ_DSS,41.78448805509115,38,20,wind
Vaudreuil-Soulanges_2,9260394.655961344,1.56455696742041,0.0,0.0404,0.4217872852407412,2,229.21697383900243,Vaudreuil-Soulanges,QC_LCS_GSS,3.902230466132229,39,20,wind
LeFjord-du-Saguenay_1,9394516.355954645,1.56455696742041,0.0,0.0404,0.37896182533801226,1,5684.57559947246,LeFjord-du-Saguenay,QC_CDP_DSS,111.19071567911372,40,20,wind
Communauté-Urbaine-de-l'Outaouai_3,10337130.284195378,1.56455696742041,0.0,0.0404,0.2999566066802892,3,255.86856295807445,Communauté-Urbaine-de-l'Outaouai,QC_GAM_DSS,2.1888215579193933,41,20,wind
Mirabel_1,11833105.273849988,1.56455696742041,0.0,0.0404,0.33873823766402694,1,292.897765596723,Mirabel,QC_CHN_TSS,0.9212339004460055,42,20,wind
Thérèse-DeBlainville_1,11833105.588003196,1.56455696742041,0.0,0.0404,0.33873823766402694,1,292.897765596723,Thérèse-DeBlainville,QC_STO_DSS,3.7111666741672575,43,20,wind
Vaudreuil-Soulanges_3,11833105.64136414,1.5645569674204098,0.0,0.0404,0.33873823766402694,3,292.897765596723,Vaudreuil-Soulanges,QC_DRN_DSS,4.185054709059084,44,20,wind
Laval_1,11833105.812806757,1.56455696742041,0.0,0.0404,0.33873823766402694,1,292.897765596723,Laval,QC_PAT_DSS,5.707602822055764,45,20,wind
Vaudreuil-Soulanges_4,12079677.461296257,1.56455696742041,0.0,0.0404,0.4431967829507371,4,299.0012406082199,Vaudreuil-Soulanges,QC_SPL_DSS,3.0091611819238238,46,20,wind
Beauharnois-Salaberry_1,12079677.638785614,1.56455696742041,0.0,0.0404,0.4431967829507371,1,299.0012406082199,Beauharnois-Salaberry,QC_VLF_DSS,5.114460547740138,47,20,wind
LeHaut-Saint-Laurent_2,12079677.893748391,1.5645569674204098,0.0,0.0404,0.3925639405644228,2,931.4790348045726,LeHaut-Saint-Laurent,QC_ORM_DSS,6.296414463997079,48,20,wind
LesChutes-de-la-Chaudière_1,13317827.004172694,1.56455696742041,0.0,0.0404,0.32962799460106623,1,329.64825603132647,LesChutes-de-la-Chaudière,QC_ANH_DSS,10.125142389510666,49,20,wind
Coaticook_1,13593852.283437338,1.56455696742041,0.0,0.0404,0.2968946959680312,1,641.0944475620555,Coaticook,QC_CTK_DSS,28.407247710774353,50,20,wind
Rouyn-Noranda_1,13900893.76162966,1.56455696742041,0.0,0.0404,0.3397956513279836,1,1483.1186471595745,Rouyn-Noranda,QC_NDN_DSS,45.55886920650955,51,20,wind
